title,url,tap,coder,time
Em Của Anh Đừng Của Ai - Tập 01 , https://ucarecdn.com/771fe784-fcea-462d-855d-f7203958c506/emcuaanhdungcuaaitap01.mp4 , Tập 01 , Tống Trần Kiên , 30:11
Em Của Anh Đừng Của Ai - Tập 02 , https://ucarecdn.com/01c1b186-4081-4490-9cce-e3ef44211552/emcuaanhdungcuaaitap02.mp4 , Tập 02 , Tống Trần Kiên , 35:35
Em Của Anh Đừng Của Ai - Tập 03 , https://ucarecdn.com/20db7e51-df56-4e07-9695-89eccdcdd216/emcuaanhdungcuaaitap03.mp4 , Tập 03 , Tống Trần Kiên , 33:29
Em Của Anh Đừng Của Ai - Tập 04 , https://ucarecdn.com/20e277aa-6798-451f-aede-400d760dc396/emcuaanhdungcuaaitap04.mp4 , Tập 04 , Tống Trần Kiên , 19:18
Em Của Anh Đừng Của Ai - Tập 05 , https://ucarecdn.com/2f4a749b-9e12-42ab-9f54-692b7447ce9c/emcuaanhdungcuaaitap05.mp4 , Tập 05 , Tống Trần Kiên , 35:00
Em Của Anh Đừng Của Ai - Tập 06 , https://ucarecdn.com/4a8172b0-568f-4fac-a5b3-9ad3faa3cdaf/emcuaanhdungcuaaitap06.mp4 , Tập 06 , Tống Trần Kiên , 29:18
Em Của Anh Đừng Của Ai - Tập 07 , https://ucarecdn.com/4ca2db29-2b14-4ebb-a304-771c0eb2deb5/emcuaanhdungcuaaitap07.mp4 , Tập 07 , Tống Trần Kiên , 23:55
Em Của Anh Đừng Của Ai - Tập 08 , https://ucarecdn.com/07163bcb-4933-4add-8f7e-0dd512ef7a12/emcuaanhdungcuaaitap08.mp4 , Tập 08 , Tống Trần Kiên , 36:30
Em Của Anh Đừng Của Ai - Tập 09 , https://ucarecdn.com/8729882e-2229-430d-8e33-101e6e893f79/emcuaanhdungcuaaitap09.mp4 , Tập 09 , Tống Trần Kiên , 26:09
Em Của Anh Đừng Của Ai - Tập 10 , https://ucarecdn.com/4787b3bd-fff7-41b1-a10a-615a793e9f37/emcuaanhdungcuaaitap10.mp4 , Tập 10 , Tống Trần Kiên , 47:47
Em Của Anh Đừng Của Ai - Tập 11 , https://ucarecdn.com/e13c64bd-49bd-4225-b0df-0f3fcca9ca63/emcuaanhdungcuaaitap11.mp4 , Tập 11 , Tống Trần Kiên , 26:45
Em Của Anh Đừng Của Ai - Tập 12 , https://ucarecdn.com/b5f615d5-7149-41a3-9407-42b855b2c1ff/emcuaanhdungcuaaitap12.mp4 , Tập 12 , Tống Trần Kiên , 32:22
Em Của Anh Đừng Của Ai - Tập 13 , https://ucarecdn.com/63e33c21-deb6-421a-ac37-a2a2c66e9d91/emcuaanhdungcuaaitap13.mp4 , Tập 13 , Tống Trần Kiên , 29:39
Em Của Anh Đừng Của Ai - Tập 14 , https://ucarecdn.com/3ca3e0ff-2119-4d40-bf4d-46bfb3103652/emcuaanhdungcuaaitap14.mp4 , Tập 14 , Tống Trần Kiên , 31:10
Em Của Anh Đừng Của Ai - Tập 15 , https://ucarecdn.com/9557fc74-f817-488b-83b7-3551fb0958ef/emcuaanhdungcuaaitap15.mp4 , Tập 15 , Tống Trần Kiên , 35:53
Em Của Anh Đừng Của Ai - Tập 16 , https://ucarecdn.com/a01b2c3f-c369-4b40-8e2b-f4bec4144db7/emcuaanhdungcuaaitap16.mp4 , Tập 16 , Tống Trần Kiên , 29:04
Em Của Anh Đừng Của Ai - Tập 17 , https://ucarecdn.com/a7298f04-d45c-4396-9216-f3880066c8d9/emcuaanhdungcuaaitap17.mp4 , Tập 17 , Tống Trần Kiên , 28:13
Em Của Anh Đừng Của Ai - Tập 18 , https://ucarecdn.com/eeaf6e74-72ad-4e9c-afe8-c7bb2043d44d/emcuaanhdungcuaaitap18.mp4 , Tập 18 , Tống Trần Kiên , 45:16
Em Của Anh Đừng Của Ai - Tập 19 , https://ucarecdn.com/6ea46809-c975-43da-87a1-7237c635b349/emcuaanhdungcuaaitap19.mp4 , Tập 19 , Tống Trần Kiên , 26:13
Em Của Anh Đừng Của Ai - Tập 20 , https://ucarecdn.com/138d97c9-73a5-475c-ba91-c74ed1da178a/emcuaanhdungcuaaitap20.mp4 , Tập 20 , Tống Trần Kiên , 33:12
Em Của Anh Đừng Của Ai - Tập 21 , https://ucarecdn.com/668809ee-4156-4102-8d1e-6aecaf53de83/emcuaanhdungcuaaitap21.mp4 , Tập 21 , Tống Trần Kiên , 36:33
Em Của Anh Đừng Của Ai - Tập 22 ( Tập Cuối ) , https://ucarecdn.com/e6908f2a-a646-4773-8762-53aadbd2b8f4/emcuaanhdungcuaaitap22.mp4 , Tập 22 , Tống Trần Kiên , 55:24