title, url, tap, coder, time  
Vô Tình Nhặt Được Tổng Tài - Tập 01, https://ucarecdn.com/a23127b9-e472-4d22-bec7-fa0e80e6d4b3/votinhnhatduoctongtaitap01.mp4, Tập 01, Tống Trần Kiên, 41:17  
Vô Tình Nhặt Được Tổng Tài - Tập 02, https://ucarecdn.com/6213fc16-f03f-43cc-8da4-522aab7739b0/votinhnhatduoctongtaitap02.mp4, Tập 02, Tống Trần Kiên, 40:20  
Vô Tình Nhặt Được Tổng Tài - Tập 03, https://ucarecdn.com/c544754c-2726-45b9-bd0d-1d55a865e372/votinhnhatduoctongtaitap03.mp4, Tập 03, Tống Trần Kiên, 40:55  
Vô Tình Nhặt Được Tổng Tài - Tập 04, https://ucarecdn.com/daaf4dbc-4b50-4bca-b75b-d304e40ab6c1/votinhnhatduoctongtaitap04.mp4, Tập 04, Tống Trần Kiên, 41:48  
Vô Tình Nhặt Được Tổng Tài - Tập 05, https://ucarecdn.com/087c6d6d-37f0-4fd3-92f0-6488360a38fa/votinhnhatduoctongtaitap05.mp4, Tập 05, Tống Trần Kiên, 39:27  
Vô Tình Nhặt Được Tổng Tài - Tập 06, https://ucarecdn.com/b49def2f-9a86-4818-8203-e6f6c90a251b/votinhnhatduoctongtaitap06.mp4, Tập 06, Tống Trần Kiên, 41:55  
Vô Tình Nhặt Được Tổng Tài - Tập 07, https://ucarecdn.com/f9463a4a-e700-41e3-9b90-175cf7c3da50/votinhnhatduoctongtaitap07.mp4, Tập 07, Tống Trần Kiên, 38:18  
Vô Tình Nhặt Được Tổng Tài - Tập 08, https://ucarecdn.com/7b3c2f94-e3c5-44cc-9426-dc44fb596766/votinhnhatduoctongtaitap08.mp4, Tập 08, Tống Trần Kiên, 41:06  
Vô Tình Nhặt Được Tổng Tài - Tập 09, https://ucarecdn.com/39119e3f-a8db-4050-8feb-26a28fe4e3e1/votinhnhatduoctongtaitap09.mp4, Tập 09, Tống Trần Kiên, 39:54  
Vô Tình Nhặt Được Tổng Tài - Tập 10, https://ucarecdn.com/97976ac6-6aa1-40b9-a1d9-6e75f99e2f12/votinhnhatduoctongtaitap10.mp4, Tập 10, Tống Trần Kiên, 40:36  
Vô Tình Nhặt Được Tổng Tài - Tập 11, https://ucarecdn.com/d6e755b6-3161-4637-b71f-667e5c801f9d/votinhnhatduoctongtaitap11.mp4, Tập 11, Tống Trần Kiên, 39:26  
Vô Tình Nhặt Được Tổng Tài - Tập 12, https://ucarecdn.com/f493a368-9c48-41e1-8c0c-d83f90be07f0/votinhnhatduoctongtaitap12.mp4, Tập 12, Tống Trần Kiên, 39:23  
Vô Tình Nhặt Được Tổng Tài - Tập 13, https://ucarecdn.com/cdd8f368-26c7-401a-8379-6928663681c4/votinhnhatduoctongtaitap13.mp4, Tập 13, Tống Trần Kiên, 40:16  
Vô Tình Nhặt Được Tổng Tài - Tập 14, https://ucarecdn.com/1b28fa7f-9e08-4efe-8598-639ef39532b6/votinhnhatduoctongtaitap14.mp4, Tập 14, Tống Trần Kiên, 41:09  
Vô Tình Nhặt Được Tổng Tài - Tập 15, https://ucarecdn.com/23b0aa30-7b4a-4900-b2ad-1b63bb650f2e/votinhnhatduoctongtaitap15.mp4, Tập 15, Tống Trần Kiên, 40:18  
Vô Tình Nhặt Được Tổng Tài - Tập 16, https://ucarecdn.com/83993bbb-1b39-41bc-b00f-b0a72d14c227/votinhnhatduoctongtaitap16.mp4, Tập 16, Tống Trần Kiên, 40:53  
Vô Tình Nhặt Được Tổng Tài - Tập 17, https://ucarecdn.com/e8c4eaa1-fb56-4c4f-934a-75e217941b4b/votinhnhatduoctongtaitap17.mp4, Tập 17, Tống Trần Kiên, 39:38  
Vô Tình Nhặt Được Tổng Tài - Tập 18, https://ucarecdn.com/9da46ea0-360e-48c4-99e5-9548e2710360/votinhnhatduoctongtaitap18.mp4, Tập 18, Tống Trần Kiên, 41:19  
Vô Tình Nhặt Được Tổng Tài - Tập 19, https://ucarecdn.com/495e8de7-3b7f-4d0c-b720-9f8639d8d23f/votinhnhatduoctongtaitap19.mp4, Tập 19, Tống Trần Kiên, 40:33  
Vô Tình Nhặt Được Tổng Tài - Tập 20, https://ucarecdn.com/f0189c0c-5c26-4ef6-8352-57f42df6208d/votinhnhatduoctongtaitap20.mp4, Tập 20, Tống Trần Kiên, 40:39  
Vô Tình Nhặt Được Tổng Tài - Tập 21, https://ucarecdn.com/00788b7a-f6d3-413f-9570-fcce997755a1/votinhnhatduoctongtaitap21.mp4, Tập 21, Tống Trần Kiên, 40:37  
Vô Tình Nhặt Được Tổng Tài - Tập 22, https://ucarecdn.com/8ced05fe-aa94-4821-ad20-a5b3fe22cfec/votinhnhatduoctongtaitap22.mp4, Tập 22, Tống Trần Kiên, 41:12  
Vô Tình Nhặt Được Tổng Tài - Tập 23, https://ucarecdn.com/64c33885-8e94-4954-bdc8-1dc88f625871/votinhnhatduoctongtaitap23.mp4, Tập 23, Tống Trần Kiên, 39:54  
Vô Tình Nhặt Được Tổng Tài - Tập 24, https://ucarecdn.com/f6a9339c-1db8-401f-8384-39794578a0e4/votinhnhatduoctongtaitap24.mp4, Tập 24, Tống Trần Kiên, 40:26  
Vô Tình Nhặt Được Tổng Tài - Tập 25, https://ucarecdn.com/751ce753-2e30-444b-9f9a-743e2a239a49/votinhnhatduoctongtaitap25.mp4, Tập 25, Tống Trần Kiên, 39:46  
Vô Tình Nhặt Được Tổng Tài - Tập 26 (Tập Cuối), https://ucarecdn.com/82b9f7c1-c944-4afb-9b53-494d29d42392/votinhnhatduoctongtaitap26.mp4, Tập 26, Tống Trần Kiên, 38:40